{
    "Explainer parameters": {
        "Explainer": "GNN",
        "Model": "GNN",
        "Dataset": "syn1"
    },
    "Results": {
        "AUC": 0.8844293239860365,
        "AUC std": 0.002040997416001685,
        "Inference time (ms)": 57.72483881314595
    },
    "Trained model stats": {
        "Training Accuracy": 0.9696428571428571,
        "Validation Accuracy": 1.0,
        "Test Accuracy": 1.0
    }
}