{
    "Explainer parameters": {
        "Explainer": "GNN",
        "Model": "GNN",
        "Dataset": "bareg1"
    },
    "Results": {
        "AUC": 0.5539611111111111,
        "AUC std": 0.0,
        "Inference time (ms)": 1112.0189849535623
    },
    "Trained model stats": {
        "Training Accuracy": 122.43681533754462,
        "Validation Accuracy": 85.25138607744158,
        "Test Accuracy": 936.2974287052165
    }
}