{
    "Explainer parameters": {
        "Explainer": "MixUp",
        "Model": "GNN",
        "Dataset": "bareg1"
    },
    "Results": {
        "AUC": 0.47250000000000003,
        "AUC std": 0.0,
        "Inference time (ms)": 7537.240695953369
    },
    "Trained model stats": {
        "Training Accuracy": 119.16582983389156,
        "Validation Accuracy": 83.59966100596641,
        "Test Accuracy": 914.9324770167468
    }
}