{
    "Explainer parameters": {
        "Explainer": "Rep",
        "Model": "GNN",
        "Dataset": "bareg1"
    },
    "Results": {
        "AUC": 0.6397673611111112,
        "AUC std": 0.0,
        "Inference time (ms)": 2193.4896671772003
    },
    "Trained model stats": {
        "Training Accuracy": 119.16582983389156,
        "Validation Accuracy": 83.59966100596641,
        "Test Accuracy": 914.9324770167468
    }
}